id,hashtag
1,run
2,lyft
3,disapointed
4,getthanked
5,model
6,motivation
7,allshowandnogo
8,school
9,exams
10,hate
11,imagine
12,actorslife
13,revolutionschool
14,girl
15,allin
16,cavs
17,champions
18,cleveland
19,clevelandcavaliers
20,gr8
21,ireland
22,blog
23,silver
24,gold
25,forex
26,orlando
27,standwithorlando
28,pulseshooting
29,orlandoshooting
30,biggerproblems
31,selfish
32,heabreaking
33,values
34,love
35,80days
36,gettingfed
37,cnn
38,michigan
39,tcot
40,australia
41,opkillingbay
42,seashepherd
43,helpcovedolphins
44,thecove
45,ngry#got7
46,junior
47,yugyoem
48,omg
49,thankful
50,positive
51,friday!
52,cookies
53,euro2016
54,badday
55,coneofshame
56,cats
57,pissed
58,funny
59,laughs
60,wine
61,weekend?
62,tgif
63,ff
64,gamedev
65,indiedev
66,indiegamedev
67,squad!
68,upsideofflorida
69,shopalyssas
70,smiles
71,media
72,pressconference
73,antalya
74,turkey
75,throwback
76,ica16
77,rip#orlando
78,alohafriday
79,time
80,not
81,exist
82,positivevibes
83,hawaiian
84,goodnight
85,badmonday
86,neverump
87,xenophobia
88,taylorswift1989
89,travelingram
90,dalat
91,ripinkylife
92,photoshop.
93,enoughisenough
94,dontphotoshopeverything
95,wheresallthenaturalphotos
96,cedarpoint.
97,bookworm
98,ontothenextnovel
99,looms#flowers
100,grow
101,gardening
102,iphonesia
103,bliss
104,blooms
105,basilicabotanica
106,i_am
107,affirmation
108,whenever
109,something
110,wrong
111,illustration
112,abc2020
113,pulseclub
114,prayfororlando
115,bihday
116,nose
117,job
118,petunia
119,albanpilgrimage
120,wedding#
121,peace
122,video
123,fathers
124,day
125,rayos
126,world
127,hotvideo
128,videos
129,ascot
130,fashion
131,monochrome
132,style
133,instahappyday
134,selfie
135,yolo
136,xoxo
137,like4like
138,work
139,mindset
140,christinarip
141,voice
142,christinagrimmie
143,roar
144,preschoolers
145,students
146,proud
147,chatiado
148,ay#
149,travel
150,yeah
151,thejourneybegins
152,hello
153,luv
154,hottweets
155,venusexchange
156,aworks
157,solutions
158,disneygatorattack
159,udtapunjab'
160,"amarinder,"
161,aap
162,senseaboutmaths
163,race
164,identity
165,med
166,golfstrengthandconditioning
167,strong
168,felixfoisgolf
169,greathonour
170,careerconvos
171,innovative
172,wateringhole
173,cave
174,mountaintop
175,campfire
176,altright
177,whitesupremacy
178,heal
179,altwaystoheal
180,healthy
181,peace!
182,midweek
183,newmusic
184,watchthisspace
185,guitar
186,up
187,snapchat
188,redhead
189,vermillionred
190,people
191,goodtimes
192,history
193,summeime
194,memories
195,hump
196,humpers
197,shop
198,cool
199,home
200,fun
