id,tweet
1,@James when a father is dysfunctional and is so selfish he drags his kids into his dysfunction. #run
2,@Elizabeth @John thanks for #lyft credit i can't use cause they don't offer wheelchair vans in pdx. #disapointed #getthanked
3,bihday your majesty
4,#model i love u take with u all the time in ur!!!
5,factsguide: society now #motivation
6,[2/2] huge fan fare and big talking before they leave. chaos and pay disputes when they get there. #allshowandnogo
7,@Richard camping tomorrow @Thomas @Susan @Jessica @Ashley @Steven @Dorothy @Karen danny
8,the next school year is the year for exams. can't think about that #school #exams #hate #imagine #actorslife #revolutionschool #girl
9,we won!!! love the land!!! #allin #cavs #champions #cleveland #clevelandcavaliers
10,@James @Elizabeth welcome here ! i'm it's so #gr8 !
11,#ireland consumer price index (mom) climbed from previous 0.2% to 0.5% in may #blog #silver #gold #forex
12,we are so selfish. #orlando #standwithorlando #pulseshooting #orlandoshooting #biggerproblems #selfish #heabreaking #values #love #
13,i get to see my daddy today!! #80days #gettingfed
14,@John #cnn calls #michigan middle school 'build the wall' chant '' #tcot
15,no comment! in #australia #opkillingbay #seashepherd #helpcovedolphins #thecove #helpcovedolphins
16,ouch...junior is angry#got7 #junior #yugyoem #omg
17,i am thankful for having a paner. #thankful #positive
18,retweet if you agree!
19,its #friday! smiles all around via ig user: @Richard #cookies make people
20,"as we all know, essential oils are not made of chemicals."
21,#euro2016 people blaming ha for conceded goal was it fat rooney who gave away free kick knowing bale can hit them from there.
22,sad little dude.. #badday #coneofshame #cats #pissed #funny #laughs
23,product of the day: happy man #wine tool who's it's the #weekend? time to open up &amp; drink up!
24,@Thomas @Susan lumpy says i am a . prove it lumpy.
25,@Jessica #tgif #ff to my #gamedev #indiedev #indiegamedev #squad! @Ashley @Steven @Dorothy @Karen @James
26,beautiful sign by vendor 80 for $45.00!! #upsideofflorida #shopalyssas #love
27,@Elizabeth all #smiles when #media is !! #pressconference in #antalya #turkey ! sunday #throwback love!
28,we had a great panel on the mediatization of the public service #ica16
29,happy father's day @John
30,50 people went to nightclub to have a good night and 1 man's actions means those people are lost to their families forever #rip#orlando
31,i have never had a chance to vote for a presidential candidate i was excited about and this cycle looks to be no different.
32,#alohafriday #time does #not #exist #positivevibes #hawaiian @Richard @Thomas @Susan @Jessica
33,"@Ashley rip to the fellow nohern ireland fan who sadley passed away tonight!.. gawa, forever singing and cheering on fire"
34,it was a hard monday due to cloudy weather. disabling oxygen production for today. #goodnight #badmonday
35,it's unbelievable that in the 21st century we'd need something like this. again. #neverump #xenophobia
36,#taylorswift1989 bull up: you will dominate your bull and you will direct it whatever you want it to do. w
37,morning~~ #travelingram #dalat #ripinkylife
38,@Steven once more only one word tells it all: #photoshop. #enoughisenough #dontphotoshopeverything #wheresallthenaturalphotos
39,"oh, #cedarpoint. waited 2 hours in the valravn line and it stopped working. we were so close."
40,i am thankful for sunshine. #thankful #positive
41,when you finally finish a book you've been working on for awhile... #bookworm #ontothenextnovel
42,"yup, being a knicks fan is hard, so its easier to just be an nba fan when the playoffs roll around"
43,there is life after social networking. embrace each day. be
44,my mom shares the same bihday as @Dorothy bihday snake! see you this weekend
45,lovely echeveria blooms#flowers #grow #gardening #iphonesia #bliss #blooms #basilicabotanica
46,i am amazing. #i_am #positive #affirmation
47,#model i love u take with u all the time in ur xyz!!!
48,#whenever im and #something goes #wrong |
49,feeling blue #illustration
50,the best pa about life is knowing who you are!
51,#abc2020 getting ready 2 remove the victums frm #pulseclub #prayfororlando
52,for her #bihday we got her a #nose #job @Karen #bihday #petunia we love you
53,off to concelebrate at the #albanpilgrimage for the first time. @James
54,@Elizabeth let the scum-baggery begin.....
55,"thank you! super love it! zpamdelacruz #wedding# @John dolores, capas tarlac."
56,a scourge on those playing baroque pieces on piano beyond belief
57,@Richard lets fight against #love #peace
58,"happy fathers day, mr. rayos #video #fathers #day #rayos #world #hotvideo #videos"
59,@Thomas ascot times with this babe #ascot #fashion #monochrome #style #instahappyday
60,the weekend..is here!! #selfie #yolo #xoxo #like4like
61,happy at work conference: right' mindset leads to culture-of-development organizations #work #mindset
62,christina grimmie's last performance before being shot... via @Susan #christinarip #voice #christinagrimmie
63,we are ready to dance #roar #preschoolers #students #proud
64,you've really hu my feelings
65,@Jessica my wife whom i adore had to miss your poland show because she had surgery. her name is bridget &amp; she's my everything.
66,@Ashley i am so jealous of you right now.... #chatiado
67,i celebrate every man that has played it's fatherly role. father's day#
68,i'm sure they are just as happy.... hour
69,the white establishment can't have blk folx running around loving themselves and promoting our greatness
70,good morning! the journey begins! #travel #yeah #thejourneybegins #hello
71,@Steven # if you #luv #hottweets like this from #venusexchange
72,our new brochures have arrived! how exciting!! #aworks #solutions
73,so much stuff happening in florida! first #orlando shooting and now #disneygatorattack on a two year old kid
74,"@Dorothy ferrari will do it for the sake of the championship. this gp is clearly a turning point rb, ferrari,mercs..."
75,aced my first test! #proud
76,"seeks probe into #udtapunjab' leak, points finger at #amarinder, #aap"
77,@Karen wrapping up #senseaboutmaths @James 6th @Elizabeth @John @Richard
78,"@Thomas hey, white people: you can call people 'white' by @Susan #race #identity #med"
79,@Jessica @Ashley you might be. just have not shown here today. regurgitated talking points and name calling?
80,sometimes you have to raise a few brows to raise the bar. #golfstrengthandconditioning #strong #felixfoisgolf
81,about that #greathonour #careerconvos @Steven @Dorothy
82,@Karen designing #innovative learning space @James to include #wateringhole #cave #mountaintop #campfire @Elizabeth h
83,how the #altright uses &amp; insecurity to lure men into #whitesupremacy
84,carrying a gun wouldn't of helped if you can't take it in with you. gun control won't stop the black market! terrorism will get worse!
85,use the power of your mind to #heal your body!! - #altwaystoheal #healthy #peace!
86,woohoo!! just over 5 weeks to go!
87,being in a far away place where you have no family members hus
88,"ready to rehearse tonight with new music and new videos, look out for the announcement! #midweek #newmusic #watchthisspace #guitar"
89,now on monday nights at 8pm on #up channel!!!! i finally get to see what all the fuss is about!!!
90,watching the new episodes of @John on @Richard
91,@Thomas offline now after a very nice and long night.. #snapchat @Susan #redhead #vermillionred
92,15 things incredibly #people do
93,yes! received my acceptance letter for my masters so will be back at @Jessica again in october! #goodtimes #history
94,"daughter riding her bike around driveway, son playing his guitar for us while we enjoy by the campfire... #summeime #memories"
95,omg!!! loving this station!!! way to jam out at work!!! while getting work done of course!!!! #memories @Ashley
96,"@Steven i'll always hope that one day i'll get to hug you, but i don't think that it's gonna happen anytime soon..."
97,#model i love u take with u all the time in ur abc!!!
98,couple having sex fat naked japanese girls
99,"#hump on that #hump day #humpers @Dorothy edwardsville, pennsylvania"
100,personalised we... gbp 7.99 get here: #shop #cool #home #fun
